{
  "file_name": "head",
  "texture_size": [
    64,
    64
  ],
  "textures": {
    "layer0": "modelengine:entity/troll"
  },
  "elements": [
    {
      "name": "head_0",
      "from": [
        5.0,
        4.3999996,
        3.1999998
      ],
      "to": [
        11.0,
        10.4,
        8.0
      ],
      "rotation": {
        "angle": 0.0,
        "axis": "z",
        "origin": [
          8.0,
          -12.400001,
          8.6
        ]
      },
      "faces": {
        "down": {
          "uv": [
            5.0,
            15.75,
            2.5,
            13.75
          ],
          "texture": "#layer0",
          "tintindex": 0
        },
        "east": {
          "uv": [
            2.75,
            13.5,
            4.75,
            16.0
          ],
          "texture": "#layer0",
          "tintindex": 0
        },
        "north": {
          "uv": [
            0.0,
            13.5,
            2.5,
            16.0
          ],
          "texture": "#layer0",
          "tintindex": 0
        },
        "south": {
          "uv": [
            2.5,
            13.5,
            5.0,
            16.0
          ],
          "texture": "#layer0",
          "tintindex": 0
        },
        "up": {
          "uv": [
            5.0,
            15.75,
            2.5,
            13.75
          ],
          "texture": "#layer0",
          "tintindex": 0
        },
        "west": {
          "uv": [
            2.75,
            13.5,
            4.75,
            16.0
          ],
          "texture": "#layer0",
          "tintindex": 0
        }
      }
    }
  ],
  "display": {
    "head": {
      "translation": [
        0.0,
        -6.4,
        0.0
      ],
      "rotation": [
        0.0,
        0.0,
        0.0
      ],
      "scale": [
        3.8095,
        3.8095,
        3.8095
      ]
    },
    "gui": {
      "translation": [
        0.0,
        0.0,
        0.0
      ],
      "rotation": [
        35.0,
        225.0,
        0.0
      ],
      "scale": [
        0.625,
        0.625,
        0.625
      ]
    }
  }
}