{
  "file_name": "right_arm",
  "texture_size": [
    64,
    64
  ],
  "textures": {
    "layer0": "modelengine:entity/troll"
  },
  "elements": [
    {
      "name": "right_arm_0",
      "from": [
        8.0,
        -5.8,
        6.2
      ],
      "to": [
        12.2,
        3.7999997,
        9.8
      ],
      "rotation": {
        "angle": 0.0,
        "axis": "z",
        "origin": [
          1.9999998,
          -2.8000002,
          8.0
        ]
      },
      "faces": {
        "down": {
          "uv": [
            13.0,
            2.0,
            11.25,
            0.5
          ],
          "texture": "#layer0",
          "tintindex": 0
        },
        "east": {
          "uv": [
            12.5,
            0.0,
            14.25,
            4.0
          ],
          "texture": "#layer0",
          "tintindex": 0
        },
        "north": {
          "uv": [
            12.5,
            0.0,
            14.25,
            4.0
          ],
          "texture": "#layer0",
          "tintindex": 0
        },
        "south": {
          "uv": [
            12.5,
            0.0,
            14.25,
            4.0
          ],
          "texture": "#layer0",
          "tintindex": 0
        },
        "up": {
          "uv": [
            13.0,
            2.0,
            11.25,
            0.5
          ],
          "texture": "#layer0",
          "tintindex": 0
        },
        "west": {
          "uv": [
            12.5,
            0.0,
            14.25,
            4.0
          ],
          "texture": "#layer0",
          "tintindex": 0
        }
      }
    },
    {
      "name": "right_arm_1",
      "from": [
        8.0,
        3.7999997,
        5.8999996
      ],
      "to": [
        12.2,
        8.6,
        10.1
      ],
      "rotation": {
        "angle": 0.0,
        "axis": "z",
        "origin": [
          1.9999998,
          -2.8000002,
          8.0
        ]
      },
      "faces": {
        "down": {
          "uv": [
            13.0,
            2.0,
            11.25,
            0.25
          ],
          "texture": "#layer0",
          "tintindex": 0
        },
        "east": {
          "uv": [
            11.25,
            0.25,
            13.0,
            2.25
          ],
          "texture": "#layer0",
          "tintindex": 0
        },
        "north": {
          "uv": [
            11.25,
            0.25,
            13.0,
            2.25
          ],
          "texture": "#layer0",
          "tintindex": 0
        },
        "south": {
          "uv": [
            11.25,
            0.25,
            13.0,
            2.25
          ],
          "texture": "#layer0",
          "tintindex": 0
        },
        "up": {
          "uv": [
            13.0,
            2.25,
            11.25,
            0.5
          ],
          "texture": "#layer0",
          "tintindex": 0
        },
        "west": {
          "uv": [
            11.25,
            0.25,
            13.0,
            2.25
          ],
          "texture": "#layer0",
          "tintindex": 0
        }
      }
    }
  ],
  "display": {
    "head": {
      "translation": [
        0.0,
        -6.4,
        0.0
      ],
      "rotation": [
        0.0,
        0.0,
        0.0
      ],
      "scale": [
        3.8095,
        3.8095,
        3.8095
      ]
    },
    "gui": {
      "translation": [
        0.0,
        0.0,
        0.0
      ],
      "rotation": [
        35.0,
        225.0,
        0.0
      ],
      "scale": [
        0.625,
        0.625,
        0.625
      ]
    }
  }
}