{
  "parent": "item/generated",
  "textures": {
    "layer0": "item/leather_horse_armor"
  },
  "overrides": [
    {
      "predicate": {
        "custom_model_data": 1
      },
      "model": "modelengine:goblin/right_leg"
    },
    {
      "predicate": {
        "custom_model_data": 2
      },
      "model": "modelengine:goblin/left_leg"
    },
    {
      "predicate": {
        "custom_model_data": 3
      },
      "model": "modelengine:goblin/body"
    },
    {
      "predicate": {
        "custom_model_data": 4
      },
      "model": "modelengine:goblin/right_arm"
    },
    {
      "predicate": {
        "custom_model_data": 5
      },
      "model": "modelengine:goblin/left_arm"
    },
    {
      "predicate": {
        "custom_model_data": 6
      },
      "model": "modelengine:goblin/head"
    },
    {
      "predicate": {
        "custom_model_data": 7
      },
      "model": "modelengine:goblinbomber/right_leg"
    },
    {
      "predicate": {
        "custom_model_data": 8
      },
      "model": "modelengine:goblinbomber/left_leg"
    },
    {
      "predicate": {
        "custom_model_data": 9
      },
      "model": "modelengine:goblinbomber/body"
    },
    {
      "predicate": {
        "custom_model_data": 10
      },
      "model": "modelengine:goblinbomber/right_arm"
    },
    {
      "predicate": {
        "custom_model_data": 11
      },
      "model": "modelengine:goblinbomber/left_arm"
    },
    {
      "predicate": {
        "custom_model_data": 12
      },
      "model": "modelengine:goblinbomber/head"
    },
    {
      "predicate": {
        "custom_model_data": 13
      },
      "model": "modelengine:ogre/body"
    },
    {
      "predicate": {
        "custom_model_data": 14
      },
      "model": "modelengine:ogre/right_arm"
    },
    {
      "predicate": {
        "custom_model_data": 15
      },
      "model": "modelengine:ogre/left_arm"
    },
    {
      "predicate": {
        "custom_model_data": 16
      },
      "model": "modelengine:ogre/head"
    },
    {
      "predicate": {
        "custom_model_data": 17
      },
      "model": "modelengine:ogre/right_leg"
    },
    {
      "predicate": {
        "custom_model_data": 18
      },
      "model": "modelengine:ogre/left_leg"
    },
    {
      "predicate": {
        "custom_model_data": 19
      },
      "model": "modelengine:troll/holder"
    },
    {
      "predicate": {
        "custom_model_data": 20
      },
      "model": "modelengine:troll/right_leg"
    },
    {
      "predicate": {
        "custom_model_data": 21
      },
      "model": "modelengine:troll/left_leg"
    },
    {
      "predicate": {
        "custom_model_data": 22
      },
      "model": "modelengine:troll/body"
    },
    {
      "predicate": {
        "custom_model_data": 23
      },
      "model": "modelengine:troll/right_arm"
    },
    {
      "predicate": {
        "custom_model_data": 24
      },
      "model": "modelengine:troll/left_arm"
    },
    {
      "predicate": {
        "custom_model_data": 25
      },
      "model": "modelengine:troll/head"
    }
  ]
}