{
  "file_name": "body",
  "texture_size": [
    64,
    64
  ],
  "textures": {
    "layer0": "modelengine:entity/ogre"
  },
  "elements": [
    {
      "name": "body_0",
      "from": [
        1.3999997,
        8.6,
        5.0
      ],
      "to": [
        14.6,
        20.600002,
        11.0
      ],
      "rotation": {
        "angle": 0.0,
        "axis": "z",
        "origin": [
          0.7999997,
          -3.4000006,
          8.0
        ]
      },
      "faces": {
        "down": {
          "uv": [
            0.0,
            2.5,
            5.5,
            0.0
          ],
          "texture": "#layer0",
          "tintindex": 0
        },
        "east": {
          "uv": [
            5.0,
            0.0,
            7.5,
            5.0
          ],
          "texture": "#layer0",
          "tintindex": 0
        },
        "north": {
          "uv": [
            0.0,
            5.0,
            5.5,
            10.0
          ],
          "texture": "#layer0",
          "tintindex": 0
        },
        "south": {
          "uv": [
            0.0,
            5.0,
            5.5,
            10.0
          ],
          "texture": "#layer0",
          "tintindex": 0
        },
        "up": {
          "uv": [
            0.0,
            13.5,
            5.5,
            16.0
          ],
          "texture": "#layer0",
          "tintindex": 0
        },
        "west": {
          "uv": [
            5.0,
            0.0,
            7.5,
            5.0
          ],
          "texture": "#layer0",
          "tintindex": 0
        }
      }
    },
    {
      "name": "body_1",
      "from": [
        3.1999998,
        8.6,
        4.3999996
      ],
      "to": [
        12.8,
        18.8,
        5.0
      ],
      "rotation": {
        "angle": 0.0,
        "axis": "z",
        "origin": [
          0.7999997,
          -3.4000006,
          8.0
        ]
      },
      "faces": {
        "down": {
          "uv": [
            0.5,
            8.25,
            4.5,
            8.0
          ],
          "texture": "#layer0",
          "tintindex": 0
        },
        "east": {
          "uv": [
            2.25,
            5.75,
            2.5,
            10.0
          ],
          "texture": "#layer0",
          "tintindex": 0
        },
        "north": {
          "uv": [
            0.75,
            5.75,
            4.75,
            10.0
          ],
          "texture": "#layer0",
          "tintindex": 0
        },
        "south": {
          "uv": [
            0.75,
            5.75,
            4.75,
            10.0
          ],
          "texture": "#layer0",
          "tintindex": 0
        },
        "up": {
          "uv": [
            0.75,
            8.0,
            4.75,
            8.25
          ],
          "texture": "#layer0",
          "tintindex": 0
        },
        "west": {
          "uv": [
            2.25,
            5.75,
            2.5,
            10.0
          ],
          "texture": "#layer0",
          "tintindex": 0
        }
      }
    },
    {
      "name": "body_2",
      "from": [
        0.7999997,
        1.3999997,
        4.3999996
      ],
      "to": [
        15.2,
        8.6,
        11.6
      ],
      "rotation": {
        "angle": 0.0,
        "axis": "z",
        "origin": [
          0.7999997,
          -3.4000006,
          8.0
        ]
      },
      "faces": {
        "down": {
          "uv": [
            8.0,
            1.75,
            8.5,
            1.25
          ],
          "texture": "#layer0",
          "tintindex": 0
        },
        "east": {
          "uv": [
            13.0,
            0.0,
            16.0,
            3.0
          ],
          "texture": "#layer0",
          "tintindex": 0
        },
        "north": {
          "uv": [
            7.5,
            0.0,
            13.5,
            3.0
          ],
          "texture": "#layer0",
          "tintindex": 0
        },
        "south": {
          "uv": [
            7.5,
            0.0,
            13.5,
            3.0
          ],
          "texture": "#layer0",
          "tintindex": 0
        },
        "up": {
          "uv": [
            8.25,
            1.5,
            8.75,
            2.0
          ],
          "texture": "#layer0",
          "tintindex": 0
        },
        "west": {
          "uv": [
            13.0,
            0.0,
            16.0,
            3.0
          ],
          "texture": "#layer0",
          "tintindex": 0
        }
      }
    }
  ],
  "display": {
    "head": {
      "translation": [
        0.0,
        -6.4,
        0.0
      ],
      "rotation": [
        0.0,
        0.0,
        0.0
      ],
      "scale": [
        3.8095,
        3.8095,
        3.8095
      ]
    },
    "gui": {
      "translation": [
        0.0,
        0.0,
        0.0
      ],
      "rotation": [
        35.0,
        225.0,
        0.0
      ],
      "scale": [
        0.625,
        0.625,
        0.625
      ]
    }
  }
}