{
  "file_name": "head",
  "texture_size": [
    64,
    64
  ],
  "textures": {
    "layer0": "modelengine:entity/ogre"
  },
  "elements": [
    {
      "name": "head_0",
      "from": [
        4.3999996,
        8.0,
        4.3999996
      ],
      "to": [
        11.6,
        15.2,
        11.6
      ],
      "rotation": {
        "angle": 0.0,
        "axis": "z",
        "origin": [
          0.7999997,
          -16.0,
          8.0
        ]
      },
      "faces": {
        "down": {
          "uv": [
            10.0,
            16.0,
            13.0,
            13.0
          ],
          "texture": "#layer0",
          "tintindex": 0
        },
        "east": {
          "uv": [
            10.0,
            13.0,
            13.0,
            16.0
          ],
          "texture": "#layer0",
          "tintindex": 0
        },
        "north": {
          "uv": [
            13.0,
            13.0,
            16.0,
            16.0
          ],
          "texture": "#layer0",
          "tintindex": 0
        },
        "south": {
          "uv": [
            10.0,
            13.0,
            13.0,
            16.0
          ],
          "texture": "#layer0",
          "tintindex": 0
        },
        "up": {
          "uv": [
            10.0,
            13.0,
            13.0,
            16.0
          ],
          "texture": "#layer0",
          "tintindex": 0
        },
        "west": {
          "uv": [
            10.0,
            13.0,
            13.0,
            16.0
          ],
          "texture": "#layer0",
          "tintindex": 0
        }
      }
    },
    {
      "name": "head_1",
      "from": [
        5.6,
        12.8,
        3.7999997
      ],
      "to": [
        10.4,
        13.400001,
        4.3999996
      ],
      "rotation": {
        "angle": 0.0,
        "axis": "z",
        "origin": [
          0.7999997,
          -16.0,
          8.0
        ]
      },
      "faces": {
        "down": {
          "uv": [
            0.0,
            0.25,
            2.0,
            0.0
          ],
          "texture": "#layer0",
          "tintindex": 0
        },
        "east": {
          "uv": [
            0.0,
            0.0,
            0.25,
            0.25
          ],
          "texture": "#layer0",
          "tintindex": 0
        },
        "north": {
          "uv": [
            0.0,
            0.0,
            2.0,
            0.25
          ],
          "texture": "#layer0",
          "tintindex": 0
        },
        "south": {
          "uv": [
            0.0,
            0.0,
            2.0,
            0.25
          ],
          "texture": "#layer0",
          "tintindex": 0
        },
        "up": {
          "uv": [
            0.0,
            0.0,
            2.0,
            0.25
          ],
          "texture": "#layer0",
          "tintindex": 0
        },
        "west": {
          "uv": [
            0.0,
            0.0,
            0.25,
            0.25
          ],
          "texture": "#layer0",
          "tintindex": 0
        }
      }
    },
    {
      "name": "head_2",
      "from": [
        7.4,
        10.4,
        3.7999997
      ],
      "to": [
        8.6,
        11.6,
        4.3999996
      ],
      "rotation": {
        "angle": 0.0,
        "axis": "z",
        "origin": [
          8.0,
          8.0,
          8.0
        ]
      },
      "faces": {
        "down": {
          "uv": [
            14.25,
            14.75,
            14.75,
            14.5
          ],
          "texture": "#layer0",
          "tintindex": 0
        },
        "east": {
          "uv": [
            14.25,
            14.5,
            14.5,
            15.0
          ],
          "texture": "#layer0",
          "tintindex": 0
        },
        "north": {
          "uv": [
            14.25,
            14.5,
            14.75,
            15.0
          ],
          "texture": "#layer0",
          "tintindex": 0
        },
        "south": {
          "uv": [
            14.25,
            14.5,
            14.75,
            15.0
          ],
          "texture": "#layer0",
          "tintindex": 0
        },
        "up": {
          "uv": [
            14.25,
            14.5,
            14.75,
            14.75
          ],
          "texture": "#layer0",
          "tintindex": 0
        },
        "west": {
          "uv": [
            14.5,
            14.5,
            14.75,
            15.0
          ],
          "texture": "#layer0",
          "tintindex": 0
        }
      }
    },
    {
      "name": "head_3",
      "from": [
        8.6,
        9.8,
        3.7999997
      ],
      "to": [
        9.8,
        10.4,
        4.3999996
      ],
      "rotation": {
        "angle": 0.0,
        "axis": "z",
        "origin": [
          8.0,
          8.0,
          8.0
        ]
      },
      "faces": {
        "down": {
          "uv": [
            13.75,
            15.25,
            14.25,
            15.0
          ],
          "texture": "#layer0",
          "tintindex": 0
        },
        "east": {
          "uv": [
            14.0,
            15.0,
            14.25,
            15.25
          ],
          "texture": "#layer0",
          "tintindex": 0
        },
        "north": {
          "uv": [
            13.75,
            15.0,
            14.25,
            15.25
          ],
          "texture": "#layer0",
          "tintindex": 0
        },
        "south": {
          "uv": [
            13.75,
            15.0,
            14.25,
            15.25
          ],
          "texture": "#layer0",
          "tintindex": 0
        },
        "up": {
          "uv": [
            13.75,
            15.0,
            14.25,
            15.25
          ],
          "texture": "#layer0",
          "tintindex": 0
        },
        "west": {
          "uv": [
            13.75,
            15.0,
            14.0,
            15.25
          ],
          "texture": "#layer0",
          "tintindex": 0
        }
      }
    },
    {
      "name": "head_4",
      "from": [
        6.2,
        9.8,
        3.7999997
      ],
      "to": [
        7.4,
        10.4,
        4.3999996
      ],
      "rotation": {
        "angle": 0.0,
        "axis": "z",
        "origin": [
          8.0,
          8.0,
          8.0
        ]
      },
      "faces": {
        "down": {
          "uv": [
            14.75,
            15.25,
            15.25,
            15.0
          ],
          "texture": "#layer0",
          "tintindex": 0
        },
        "east": {
          "uv": [
            15.0,
            15.0,
            15.25,
            15.25
          ],
          "texture": "#layer0",
          "tintindex": 0
        },
        "north": {
          "uv": [
            14.75,
            15.0,
            15.25,
            15.25
          ],
          "texture": "#layer0",
          "tintindex": 0
        },
        "south": {
          "uv": [
            14.75,
            15.0,
            15.25,
            15.25
          ],
          "texture": "#layer0",
          "tintindex": 0
        },
        "up": {
          "uv": [
            14.75,
            15.0,
            15.25,
            15.25
          ],
          "texture": "#layer0",
          "tintindex": 0
        },
        "west": {
          "uv": [
            14.75,
            15.0,
            15.0,
            15.25
          ],
          "texture": "#layer0",
          "tintindex": 0
        }
      }
    },
    {
      "name": "head_5",
      "from": [
        9.2,
        10.4,
        3.7999997
      ],
      "to": [
        9.8,
        11.0,
        4.3999996
      ],
      "rotation": {
        "angle": 0.0,
        "axis": "z",
        "origin": [
          8.0,
          8.0,
          8.0
        ]
      },
      "faces": {
        "down": {
          "uv": [
            13.75,
            15.0,
            14.0,
            14.75
          ],
          "texture": "#layer0",
          "tintindex": 0
        },
        "east": {
          "uv": [
            13.75,
            14.75,
            14.0,
            15.0
          ],
          "texture": "#layer0",
          "tintindex": 0
        },
        "north": {
          "uv": [
            13.75,
            14.75,
            14.0,
            15.0
          ],
          "texture": "#layer0",
          "tintindex": 0
        },
        "south": {
          "uv": [
            13.75,
            14.75,
            14.0,
            15.0
          ],
          "texture": "#layer0",
          "tintindex": 0
        },
        "up": {
          "uv": [
            13.75,
            14.75,
            14.0,
            15.0
          ],
          "texture": "#layer0",
          "tintindex": 0
        },
        "west": {
          "uv": [
            13.75,
            14.75,
            14.0,
            15.0
          ],
          "texture": "#layer0",
          "tintindex": 0
        }
      }
    },
    {
      "name": "head_6",
      "from": [
        6.2,
        10.4,
        3.7999997
      ],
      "to": [
        6.8,
        11.0,
        4.3999996
      ],
      "rotation": {
        "angle": 0.0,
        "axis": "z",
        "origin": [
          8.0,
          8.0,
          8.0
        ]
      },
      "faces": {
        "down": {
          "uv": [
            15.0,
            15.0,
            15.25,
            14.75
          ],
          "texture": "#layer0",
          "tintindex": 0
        },
        "east": {
          "uv": [
            15.0,
            14.75,
            15.25,
            15.0
          ],
          "texture": "#layer0",
          "tintindex": 0
        },
        "north": {
          "uv": [
            15.0,
            14.75,
            15.25,
            15.0
          ],
          "texture": "#layer0",
          "tintindex": 0
        },
        "south": {
          "uv": [
            15.0,
            14.75,
            15.25,
            15.0
          ],
          "texture": "#layer0",
          "tintindex": 0
        },
        "up": {
          "uv": [
            15.0,
            14.75,
            15.25,
            15.0
          ],
          "texture": "#layer0",
          "tintindex": 0
        },
        "west": {
          "uv": [
            15.0,
            14.75,
            15.25,
            15.0
          ],
          "texture": "#layer0",
          "tintindex": 0
        }
      }
    },
    {
      "name": "head_7",
      "from": [
        11.6,
        11.0,
        8.0
      ],
      "to": [
        13.400001,
        13.400001,
        8.6
      ],
      "rotation": {
        "angle": 0.0,
        "axis": "z",
        "origin": [
          8.0,
          8.0,
          8.0
        ]
      },
      "faces": {
        "down": {
          "uv": [
            0.0,
            0.25,
            0.75,
            0.0
          ],
          "texture": "#layer0",
          "tintindex": 0
        },
        "east": {
          "uv": [
            0.0,
            0.0,
            0.25,
            1.0
          ],
          "texture": "#layer0",
          "tintindex": 0
        },
        "north": {
          "uv": [
            14.5,
            12.0,
            15.25,
            13.0
          ],
          "texture": "#layer0",
          "tintindex": 0
        },
        "south": {
          "uv": [
            15.25,
            12.0,
            16.0,
            13.0
          ],
          "texture": "#layer0",
          "tintindex": 0
        },
        "up": {
          "uv": [
            0.0,
            0.0,
            0.75,
            0.25
          ],
          "texture": "#layer0",
          "tintindex": 0
        },
        "west": {
          "uv": [
            0.0,
            0.0,
            0.25,
            1.0
          ],
          "texture": "#layer0",
          "tintindex": 0
        }
      }
    },
    {
      "name": "head_8",
      "from": [
        2.6,
        11.0,
        8.0
      ],
      "to": [
        4.3999996,
        13.400001,
        8.6
      ],
      "rotation": {
        "angle": 0.0,
        "axis": "z",
        "origin": [
          8.0,
          8.0,
          8.0
        ]
      },
      "faces": {
        "down": {
          "uv": [
            0.0,
            0.25,
            0.75,
            0.0
          ],
          "texture": "#layer0",
          "tintindex": 0
        },
        "east": {
          "uv": [
            0.0,
            0.0,
            0.25,
            1.0
          ],
          "texture": "#layer0",
          "tintindex": 0
        },
        "north": {
          "uv": [
            15.25,
            12.0,
            16.0,
            13.0
          ],
          "texture": "#layer0",
          "tintindex": 0
        },
        "south": {
          "uv": [
            14.5,
            12.0,
            15.25,
            13.0
          ],
          "texture": "#layer0",
          "tintindex": 0
        },
        "up": {
          "uv": [
            0.0,
            0.0,
            0.75,
            0.25
          ],
          "texture": "#layer0",
          "tintindex": 0
        },
        "west": {
          "uv": [
            0.0,
            0.0,
            0.25,
            1.0
          ],
          "texture": "#layer0",
          "tintindex": 0
        }
      }
    }
  ],
  "display": {
    "head": {
      "translation": [
        0.0,
        -6.4,
        0.0
      ],
      "rotation": [
        0.0,
        0.0,
        0.0
      ],
      "scale": [
        3.8095,
        3.8095,
        3.8095
      ]
    },
    "gui": {
      "translation": [
        0.0,
        0.0,
        0.0
      ],
      "rotation": [
        35.0,
        225.0,
        0.0
      ],
      "scale": [
        0.625,
        0.625,
        0.625
      ]
    }
  }
}