{
  "file_name": "left_leg",
  "texture_size": [
    64,
    64
  ],
  "textures": {
    "layer0": "modelengine:entity/ogre"
  },
  "elements": [
    {
      "name": "left_leg_0",
      "from": [
        5.0,
        -4.0000005,
        5.0
      ],
      "to": [
        11.0,
        8.0,
        11.0
      ],
      "rotation": {
        "angle": 0.0,
        "axis": "z",
        "origin": [
          4.3999996,
          -4.0000005,
          8.0
        ]
      },
      "faces": {
        "down": {
          "uv": [
            5.0,
            4.0,
            7.5,
            1.5
          ],
          "texture": "#layer0",
          "tintindex": 0
        },
        "east": {
          "uv": [
            5.0,
            0.0,
            7.5,
            5.0
          ],
          "texture": "#layer0",
          "tintindex": 0
        },
        "north": {
          "uv": [
            2.5,
            0.0,
            5.0,
            5.0
          ],
          "texture": "#layer0",
          "tintindex": 0
        },
        "south": {
          "uv": [
            5.0,
            0.0,
            7.5,
            5.0
          ],
          "texture": "#layer0",
          "tintindex": 0
        },
        "up": {
          "uv": [
            5.0,
            1.25,
            7.5,
            3.75
          ],
          "texture": "#layer0",
          "tintindex": 0
        },
        "west": {
          "uv": [
            5.0,
            0.0,
            7.5,
            5.0
          ],
          "texture": "#layer0",
          "tintindex": 0
        }
      }
    },
    {
      "name": "left_leg_1",
      "from": [
        5.0,
        -4.0000005,
        4.3999996
      ],
      "to": [
        11.0,
        -3.4000006,
        5.0
      ],
      "rotation": {
        "angle": 0.0,
        "axis": "z",
        "origin": [
          4.3999996,
          -4.0000005,
          8.0
        ]
      },
      "faces": {
        "down": {
          "uv": [
            0.0,
            5.0,
            2.5,
            4.75
          ],
          "texture": "#layer0",
          "tintindex": 0
        },
        "east": {
          "uv": [
            3.5,
            4.75,
            3.75,
            5.0
          ],
          "texture": "#layer0",
          "tintindex": 0
        },
        "north": {
          "uv": [
            2.5,
            4.75,
            5.0,
            5.0
          ],
          "texture": "#layer0",
          "tintindex": 0
        },
        "south": {
          "uv": [
            2.5,
            4.75,
            5.0,
            5.0
          ],
          "texture": "#layer0",
          "tintindex": 0
        },
        "up": {
          "uv": [
            0.0,
            4.75,
            2.5,
            5.0
          ],
          "texture": "#layer0",
          "tintindex": 0
        },
        "west": {
          "uv": [
            2.75,
            4.75,
            3.0,
            5.0
          ],
          "texture": "#layer0",
          "tintindex": 0
        }
      }
    }
  ],
  "display": {
    "head": {
      "translation": [
        0.0,
        -6.4,
        0.0
      ],
      "rotation": [
        0.0,
        0.0,
        0.0
      ],
      "scale": [
        3.8095,
        3.8095,
        3.8095
      ]
    },
    "gui": {
      "translation": [
        0.0,
        0.0,
        0.0
      ],
      "rotation": [
        35.0,
        225.0,
        0.0
      ],
      "scale": [
        0.625,
        0.625,
        0.625
      ]
    }
  }
}