{
  "file_name": "head",
  "texture_size": [
    32,
    32
  ],
  "textures": {
    "layer0": "modelengine:entity/goblin"
  },
  "elements": [
    {
      "name": "head_0",
      "from": [
        5.6,
        6.2,
        5.6
      ],
      "to": [
        10.4,
        11.6,
        8.6
      ],
      "rotation": {
        "angle": 0.0,
        "axis": "z",
        "origin": [
          8.0,
          2.6,
          8.6
        ]
      },
      "faces": {
        "down": {
          "uv": [
            4.0,
            16.0,
            8.0,
            13.5
          ],
          "texture": "#layer0",
          "tintindex": 0
        },
        "east": {
          "uv": [
            12.0,
            8.0,
            14.5,
            12.5
          ],
          "texture": "#layer0",
          "tintindex": 0
        },
        "north": {
          "uv": [
            4.0,
            8.0,
            8.0,
            12.5
          ],
          "texture": "#layer0",
          "tintindex": 0
        },
        "south": {
          "uv": [
            8.0,
            8.0,
            12.0,
            12.5
          ],
          "texture": "#layer0",
          "tintindex": 0
        },
        "up": {
          "uv": [
            4.0,
            13.5,
            8.0,
            16.0
          ],
          "texture": "#layer0",
          "tintindex": 0
        },
        "west": {
          "uv": [
            12.0,
            8.0,
            14.5,
            12.5
          ],
          "texture": "#layer0",
          "tintindex": 0
        }
      }
    },
    {
      "name": "head_1",
      "from": [
        7.4,
        5.6,
        4.3999996
      ],
      "to": [
        8.6,
        8.0,
        5.6
      ],
      "rotation": {
        "angle": 0.0,
        "axis": "z",
        "origin": [
          8.0,
          2.6,
          8.6
        ]
      },
      "faces": {
        "down": {
          "uv": [
            8.5,
            16.0,
            9.5,
            15.0
          ],
          "texture": "#layer0",
          "tintindex": 0
        },
        "east": {
          "uv": [
            8.5,
            14.0,
            9.5,
            16.0
          ],
          "texture": "#layer0",
          "tintindex": 0
        },
        "north": {
          "uv": [
            8.5,
            14.0,
            9.5,
            16.0
          ],
          "texture": "#layer0",
          "tintindex": 0
        },
        "south": {
          "uv": [
            8.5,
            14.0,
            9.5,
            16.0
          ],
          "texture": "#layer0",
          "tintindex": 0
        },
        "up": {
          "uv": [
            8.5,
            14.0,
            9.5,
            15.0
          ],
          "texture": "#layer0",
          "tintindex": 0
        },
        "west": {
          "uv": [
            8.5,
            14.0,
            9.5,
            16.0
          ],
          "texture": "#layer0",
          "tintindex": 0
        }
      }
    },
    {
      "name": "head_2",
      "from": [
        10.4,
        9.8,
        6.8
      ],
      "to": [
        13.400001,
        11.0,
        7.4
      ],
      "rotation": {
        "angle": 0.0,
        "axis": "z",
        "origin": [
          8.0,
          2.6,
          8.6
        ]
      },
      "faces": {
        "down": {
          "uv": [
            10.5,
            14.5,
            13.0,
            14.0
          ],
          "texture": "#layer0",
          "tintindex": 0
        },
        "east": {
          "uv": [
            10.5,
            15.0,
            11.0,
            16.0
          ],
          "texture": "#layer0",
          "tintindex": 0
        },
        "north": {
          "uv": [
            13.5,
            14.0,
            16.0,
            15.0
          ],
          "texture": "#layer0",
          "tintindex": 0
        },
        "south": {
          "uv": [
            10.5,
            14.0,
            13.0,
            15.0
          ],
          "texture": "#layer0",
          "tintindex": 0
        },
        "up": {
          "uv": [
            10.5,
            14.0,
            13.0,
            14.5
          ],
          "texture": "#layer0",
          "tintindex": 0
        },
        "west": {
          "uv": [
            10.5,
            15.0,
            11.0,
            16.0
          ],
          "texture": "#layer0",
          "tintindex": 0
        }
      }
    },
    {
      "name": "head_3",
      "from": [
        10.4,
        8.6,
        6.8
      ],
      "to": [
        12.2,
        9.8,
        7.4
      ],
      "rotation": {
        "angle": 0.0,
        "axis": "z",
        "origin": [
          8.0,
          2.6,
          8.6
        ]
      },
      "faces": {
        "down": {
          "uv": [
            10.5,
            14.5,
            12.0,
            14.0
          ],
          "texture": "#layer0",
          "tintindex": 0
        },
        "east": {
          "uv": [
            10.5,
            15.0,
            11.0,
            16.0
          ],
          "texture": "#layer0",
          "tintindex": 0
        },
        "north": {
          "uv": [
            14.5,
            15.0,
            16.0,
            16.0
          ],
          "texture": "#layer0",
          "tintindex": 0
        },
        "south": {
          "uv": [
            10.5,
            15.0,
            12.0,
            16.0
          ],
          "texture": "#layer0",
          "tintindex": 0
        },
        "up": {
          "uv": [
            10.5,
            14.0,
            12.0,
            14.5
          ],
          "texture": "#layer0",
          "tintindex": 0
        },
        "west": {
          "uv": [
            10.5,
            15.0,
            11.0,
            16.0
          ],
          "texture": "#layer0",
          "tintindex": 0
        }
      }
    },
    {
      "name": "head_4",
      "from": [
        3.7999997,
        8.6,
        6.8
      ],
      "to": [
        5.6,
        9.8,
        7.4
      ],
      "rotation": {
        "angle": 0.0,
        "axis": "z",
        "origin": [
          8.0,
          2.6,
          8.6
        ]
      },
      "faces": {
        "down": {
          "uv": [
            14.5,
            15.5,
            16.0,
            15.0
          ],
          "texture": "#layer0",
          "tintindex": 0
        },
        "east": {
          "uv": [
            15.5,
            15.0,
            16.0,
            16.0
          ],
          "texture": "#layer0",
          "tintindex": 0
        },
        "north": {
          "uv": [
            10.5,
            15.0,
            12.0,
            16.0
          ],
          "texture": "#layer0",
          "tintindex": 0
        },
        "south": {
          "uv": [
            14.5,
            15.0,
            16.0,
            16.0
          ],
          "texture": "#layer0",
          "tintindex": 0
        },
        "up": {
          "uv": [
            14.5,
            15.0,
            16.0,
            15.5
          ],
          "texture": "#layer0",
          "tintindex": 0
        },
        "west": {
          "uv": [
            15.5,
            15.0,
            16.0,
            16.0
          ],
          "texture": "#layer0",
          "tintindex": 0
        }
      }
    },
    {
      "name": "head_5",
      "from": [
        2.6,
        9.8,
        6.8
      ],
      "to": [
        5.6,
        11.0,
        7.4
      ],
      "rotation": {
        "angle": 0.0,
        "axis": "z",
        "origin": [
          8.0,
          2.6,
          8.6
        ]
      },
      "faces": {
        "down": {
          "uv": [
            13.5,
            14.5,
            16.0,
            14.0
          ],
          "texture": "#layer0",
          "tintindex": 0
        },
        "east": {
          "uv": [
            15.5,
            15.0,
            16.0,
            16.0
          ],
          "texture": "#layer0",
          "tintindex": 0
        },
        "north": {
          "uv": [
            10.5,
            14.0,
            13.0,
            15.0
          ],
          "texture": "#layer0",
          "tintindex": 0
        },
        "south": {
          "uv": [
            13.5,
            14.0,
            16.0,
            15.0
          ],
          "texture": "#layer0",
          "tintindex": 0
        },
        "up": {
          "uv": [
            13.5,
            14.0,
            16.0,
            14.5
          ],
          "texture": "#layer0",
          "tintindex": 0
        },
        "west": {
          "uv": [
            15.5,
            15.0,
            16.0,
            16.0
          ],
          "texture": "#layer0",
          "tintindex": 0
        }
      }
    }
  ],
  "display": {
    "head": {
      "translation": [
        0.0,
        -6.4,
        0.0
      ],
      "rotation": [
        0.0,
        0.0,
        0.0
      ],
      "scale": [
        3.8095,
        3.8095,
        3.8095
      ]
    },
    "gui": {
      "translation": [
        0.0,
        0.0,
        0.0
      ],
      "rotation": [
        35.0,
        225.0,
        0.0
      ],
      "scale": [
        0.625,
        0.625,
        0.625
      ]
    }
  }
}